text,size
Yes,86
Photo,44
trail,44
stations,44
Biking,26
bike,25
along,24
Water,23
walking,20
gravel,19
parking,19
like,17
crossing,17
Parking,16
filling,16
Bike,15
surface,15
Paved,15
water,15
Horse,15
town,14
Walking,14
natural,13
Gravel,13
areas,13
possible,13
connect,13
plants,12
area,12
bikes,11
traffic,11
river,11
etc,11
Trail,11
get,11
Places,11
Emergency,11
nature,11
access,11
walk,11
Food,11
lanes,10
Natural,10
G,10
biking,10
horse,10
Equine,10
instead,10
way,9
pavement,9
much,9
trees,9
charging,9
bottle,9
safety,9
riding,9
would,8
places,8
running,8
paved,8
exercise,8
signage,8
Benches,8
towns,8
Riding,8
Special,8
Consideration,8
Bridge,8
trails,8
service,8
history,8
poop,8
C,7
Native,7
gardens,7
people,7
shade,7
Signage,7
guests,7
rides,7
make,7
small,7
Restrooms,7
Safe,7
sign,7
Dog,7
keep,6
Rock,6
road,6
use,6
near,6
Historical,6
markers,6
Keep,6
horses,6
trailer,6
facilities,6
food,6
points,6
call,6
safe,6
take,6
footing,6
Everyday,6
getting,6
kids,6
Solar,6
Trash,6
Exercise,6
station,6
old,5
important,5
private,5
issues,5
good,5
Unpaved,5
especially,5
visible,5
RR,5
Markers,5
Maybe,5
walkers,5
wildlife,5
stone,5
Good,5
features,5
signs,5
bottles,5
need,5
businesses,5
Would,5
every,5
tours,5
opportunities,5
beauty,5
ride,5
bridges,5
bags,5
Get,5
cream,5
camping,5
posts,5
interesting,5
Picnic,5
tables,5
could,5
picnic,5
local,5
Permanent,5
restrooms,5
porta,5
johns,5
folks,4
without,4
run,4
avoid,4
environment,4
least,4
Compacted,4
runnable,4
riparian,4
Make,4
Mile,4
Safety,4
P,4
riders,4
path,4
leave,4
Signs,4
locations,4
Easier,4
Car,4
lighting,4
one,4
drive,4
historic,4
show,4
R,4
Smooth,4
Crushed,4
limestone,4
side,4
solar,4
cameras,4
phones,4
spots,4
downtown,4
equine,4
key,4
Animal,4
disposal,4
powered,4
Horseback,4
days,4
safely,4
restaurants,4
physical,4
Near,4
Room,4
Hitching,4
cell,4
EBike,4
poor,4
Butterfly,4
pollinator,4
ones,4
native,4
geographic,4
allow,4
F,4
dogs,4
railway,4
love,4
Covered,4
phone,4
disposable,4
dog,4
also,4
produce,4
K,3
property,3
Prefer,3
better,3
control,3
crossings,3
car,3
CLEAR,3
biggest,3
Crossing,3
speed,3
separate,3
Features,3
available,3
note,3
demonstration,3
buffers,3
health,3
wheelchairs,3
electric,3
enough,3
Community,3
Reconstruct,3
Depots,3
original,3
hose,3
sanitary,3
well,3
services,3
snacks,3
idea,3
Trailhead,3
skate,3
push,3
stroller,3
provide,3
bridge,3
prefer,3
used,3
South,3
parallel,3
rails,3
crushed,3
ensure,3
security,3
Horses,3
Connect,3
stores,3
view,3
Separate,3
busy,3
want,3
Saturday,3
Sunday,3
Weekdays,3
cafes,3
Weekend,3
back,3
Grocery,3
Dining,3
fear,3
hit,3
ground,3
Festival,3
Ice,3
vehicle,3
Wifi,3
cellular,3
peope,3
work,3
Great,3
cycling,3
stops,3
Rail,3
sure,3
Nature,3
Attraction,3
visits,3
Woodstock,3
peacefulness,3
concerns,3
Electric,3
Enganging,3
supply,3
pauses,3
bowls,3
amenities,3
farms,3
front,3
royal,3
know,3
escape,3
strolling,3
shop,3
Green,3
pet,3
bowl,3
attractions,3
Rte,3
railing,2
look,2
messy,2
attractive,2
still,2
looking,2
railroad,2
owner,2
concerned,2
best,2
smaller,2
Cinders,2
whole,2
Small,2
Permeable,2
paving,2
smooth,2
Traffic,2
sections,2
Surface,2
maintenance,2
H,2
concern,2
appropriate,2
children,2
Mileage,2
landmarks,2
Events,2
fences,2
Artwork,2
Lanes,2
historical,2
supports,2
regulation,2
limit,2
fountains,2
periodically,2
stationed,2
intersects,2
GRAVEL,2
roller,2
baby,2
expensive,2
boxes,2
heads,2
privacy,2
police,2
Hours,2
operation,2
Plant,2
benches,2
memory,2
views,2
wide,2
paths,2
shoulders,2
feet,2
intersections,2
River,2
racks,2
projects,2
see,2
community,2
closer,2
mobility,2
photo,2
Asphalt,2
Could,2
go,2
lights,2
power,2
option,2
many,2
roads,2
issue,2
sites,2
New,2
Market,2
trailhead,2
cross,2
light,2
outside,2
Connecting,2
hardware,2
please,2
Route,2
II,2
shoulder,2
variety,2
rilaings,2
jumping,2
Permable,2
surfaces,2
handled,2
Awareness,2
drives,2
thing,2
Stop,2
Access,2
Exercising,2
weekend,2
Dollar,2
Parks,2
Libraries,2
Lack,2
ice,2
parlour,2
help,2
Attract,2
enjoy,2
attract,2
lovers,2
buffs,2
Increase,2
possibilities,2
Time,2
fly,2
creek,2
shops,2
Absolutely,2
bins,2
Fitness,2
EMS,2
Lighting,2
things,2
great,2
acre,2
lot,2
another,2
emphasis,2
pin,2
Prairie,2
northend,2
across,2
swimming,2
nice,2
table,2
Park,2
School,2
county,2
needed,2
may,2
experience,2
Doggie,2
litter,2
Stations,2
meet,2
classroom,2
sell,2
touring,2
potential,2
stop,2
able,2
office,2
distances,2
Edinburg,2
driving,2
Friends,2
Homes,2
Store,2
Brewery,2
scenic,2
parallels,2
miles,2
Shade,2
Security,2
mechanisms,2
Cell,2
Curved,2
bench,2
relaxing,2
Recycling,2
locals,2
Music,2
events,2
trucks,2
activities,2
often,2
significant,2
repair,2
Respect,2
lion,2
caverns,2
Love,2
cyclists,2
Run,2
g,2
Also,2
number,2
Virginia,2
states,2
invovled,2
Fork,2
Organisation,2
Vermount,2
using,2
guide,2
organic,2
Vegan,2
Farmers,2
ZZ,2
rail,2
blue,2
culture,2
parks,2
clean,2
containers,2
coffee,2
change,2
throughout,2
Court,2
requests,2
pkg,2
organized,1
remains,1
splinters,1
Composit,1
looks,1
reminder,1
supportive,1
project,1
trask,1
tresspassing,1
soft,1
hard,1
packed,1
advantages,1
mud,1
cause,1
speeding,1
Soft,1
runners,1
lots,1
rainwater,1
management,1
buffer,1
Cinder,1
Something,1
major,1
West,1
Lee,1
St,1
acessibility,1
seems,1
crowded,1
L,1
distracting,1
calming,1
humps,1
Option,1
visibility,1
Mix,1
aggressive,1
applicable,1
story,1
Highlight,1
Stationary,1
Environmental,1
Climate,1
education,1
Partner,1
EMU,1
JMU,1
Employing,1
connection,1
mental,1
outdoors,1
Directional,1
Wayfinding,1
presently,1
traveling,1
considered,1
Minimum,1
cut,1
throughs,1
music,1
types,1
artwork,1
directional,1
bikers,1
dangerous,1
slow,1
pedestrians,1
makers,1
complement,1
landscape,1
pulloffs,1
fruit,1
Plants,1
borders,1
Particularly,1
vehicles,1
Wide,1
markings,1
portions,1
wheelchair,1
accessibility,1
families,1
strollers,1
Environment,1
Education,1
educational,1
interpretive,1
public,1
reduce,1
plastic,1
cool,1
Hurry,1
construction,1
Paking,1
Bench,1
Resting,1
Camp,1
Sites,1
maintenence,1
costly,1
Name,1
parts,1
Please,1
someone,1
falls,1
painful,1
maintain,1
Rain,1
snow,1
impact,1
Trespassing,1
Trees,1
Start,1
planting,1
future,1
Remember,1
years,1
mature,1
advertising,1
VDOT,1
propery,1
enforces,1
Sherif,1
officers,1
state,1
Electricity,1
availability,1
finding,1
maps,1
placed,1
rest,1
May,1
donated,1
honor,1
loved,1
gives,1
keeps,1
Width,1
additional,1
Walnut,1
till,1
Farm,1
LLC,1
Railing,1
type,1
match,1
structure,1
Limit,1
rural,1
Put,1
fence,1
sides,1
course,1
Strollers,1
rollerskaters,1
Minimal,1
slope,1
Leave,1
design,1
cheaper,1
begininng,1
adding,1
smoothing,1
Hard,1
Marked,1
moderate,1
size,1
gladed,1
obvious,1
larger,1
fish,1
play,1
schools,1
Beautification,1
mile,1
direction,1
North,1
Possibility,1
throw,1
bath,1
Advertise,1
current,1
later,1
part,1
forest,1
big,1
except,1
lane,1
bicycles,1
stollers,1
Ask,1
maintained,1
roots,1
pop,1
bumpy,1
Meanwhile,1
done,1
fine,1
feels,1
crossed,1
connected,1
methods,1
personal,1
emergency,1
sports,1
preserve,1
Old,1
White,1
House,1
Look,1
industrial,1
Restroom,1
Wheelchair,1
accessible,1
Place,1
put,1
TRASH,1
CANS,1
experiences,1
Fun,1
falling,1
tine,1
makes,1
sand,1
Pave,1
maintainnce,1
Weather,1
erosion,1
Ashphat,1
Separation,1
Using,1
wheel,1
chairs,1
stay,1
softer,1
equit,1
material,1
permeable,1
smoother,1
feel,1
crossroads,1
Blinking,1
hygiene,1
Connections,1
waterways,1
Poop,1
Take,1
consideration,1
Interaction,1
Ducks,1
turtles,1
Low,1
level,1
Speed,1
limits,1
Median,1
lines,1
Wheel,1
chair,1
noted,1
pathways,1
Like,1
cumberland,1
maryland,1
leigh,1
gourge,1
Jim,1
Thonper,1
PA,1
tourist,1
train,1
everywhere,1
week,1
store,1
General,1
single,1
elderly,1
persons,1
amenitites,1
Tom,1
Brook,1
bring,1
mill,1
museum,1
camp,1
excellent,1
mountains,1
pastoral,1
scenery,1
homes,1
structures,1
histroy,1
customers,1
Destination,1
fishermen,1
women,1
Campground,1
stony,1
library,1
tour,1
Drawing,1
Canoeing,1
shem,1
co,1
Definitely,1
sales,1
secure,1
Phone,1
embedded,1
Might,1
privately,1
options,1
simple,1
rentals,1
pot,1
cleanup,1
ties,1
Interactive,1
Bowman,1
location,1
Adjacent,1
pinned,1
person,1
lof,1
purchased,1
recomment,1
double,1
member,1
Charter,1
Fire,1
Town,1
Bellegravia,1
right,1
hikers,1
Owner,1
Behind,1
Mill,1
sum,1
behind,1
trash,1
reinforce,1
pool,1
hall,1
mistake,1
shenandoah,1
since,1
regional,1
live,1
tracks,1
worry,1
deputy,1
sherrifs,1
Clean,1
elements,1
encourages,1
fast,1
ramps,1
appeal,1
gentle,1
handicapped,1
remote,1
sliperry,1
wet,1
fool,1
chains,1
booke,1
cables,1
Visible,1
highly,1
Bright,1
yellow,1
Bold,1
crosswalk,1
uses,1
absolutely,1
necessary,1
ARFAS,1
lightng,1
flashers,1
Lightings,1
buttons,1
First,1
aid,1
mindful,1
Hiking,1
tails,1
Sell,1
spikes,1
tumos,1
Single,1
narrow,1
shared,1
eguestign,1
tunnels,1
Schools,1
Hike,1
Savage,1
mushrooms,1
fieldtrips,1
clubs,1
Kiosk,1
items,1
refreshments,1
Cottage,1
insdustries,1
might,1
Invite,1
adventures,1
undermine,1
Recreation,1
ca,1
wait,1
finally,1
Walk,1
Ride,1
employers,1
employess,1
lunch,1
Break,1
fishing,1
Mt,1
Avoid,1
routine,1
Post,1
grocery,1
shorter,1
MT,1
J,1
Idea,1
close,1
park,1
baseball,1
games,1
Fresh,1
air,1
B,1
Bs,1
Bliss,1
Zen,1
Mindfulness,1
Away,1
rarely,1
Outside,1
Bulletin,1
board,1
costs,1
definitely,1
travel,1
Rotary,1
Shelton,1
Eagle,1
schout,1
colleges,1
adress,1
backyard,1
bright,1
Fruit,1
shrubs,1
SNACKS,1
Campgrounds,1
Shuttle,1
venues,1
Board,1
post,1
cards,1
Kiosks,1
Little,1
outdoor,1
amphitheater,1
festivals,1
Benets,1
sensory,1
section,1
differently,1
abled,1
Hopping,1
Balance,1
line,1
addressed,1
Raising,1
taxes,1
Campus,1
Andros,1
potate,1
duckpin,1
Shenpace,1
Potato,1
Chip,1
Factory,1
Quicksburg,1
Demello,1
Cao,1
cemetry,1
Quiet,1
Hometown,1
Loads,1
History,1
runs,1
Church,1
Bell,1
Noon,1
surroundings,1
Add,1
High,1
lesser,1
Seaters,1
blades,1
Crusher,1
p,1
equistiand,1
solid,1
tricycles,1
skateboards,1
lighter,1
already,1
bad,1
rush,1
hours,1
Lights,1
indicate,1
upcoming,1
wheels,1
connecting,1
products,1
Interpretive,1
agricultural,1
Dusked,1
damn,1
camoflage,1
Sky,1
top,1
Major,1
entry,1
focks,1
place,1
Concerned,1
Potential,1
harm,1
attackers,1
Fast,1
bicyclists,1
others,1
turns,1
dark,1
townships,1
woodstock,1
Front,1
Royal,1
paraglieder,1
Go,1
errands,1
warm,1
neighbors,1
properties,1
opportunity,1
wellnes,1
Running,1
skateboarding,1
Cycling,1
Outdoor,1
engaging,1
supporting,1
OMG,1
grankids,1
Annual,1
Fall,1
Race,1
w,1
bikins,1
SB,1
State,1
Neighboring,1
normally,1
horseback,1
support,1
Multiple,1
cans,1
Playgrounds,1
target,1
playgrounds,1
even,1
apportunity,1
youth,1
repule,1
box,1
low,1
Better,1
removable,1
toilets,1
Necessary,1
trial,1
beautiful,1
recycles,1
Let,1
paint,1
bands,1
smoke,1
capabilities,1
painting,1
eg,1
mi,1
flourwater,1
broadway,1
bikeshop,1
Art,1
Info,1
newsletter,1
website,1
fans,1
updates,1
troughs,1
Cardiac,1
AED,1
rental,1
bus,1
rich,1
growing,1
business,1
districts,1
welcomes,1
tourists,1
paying,1
homage,1
around,1
us,1
Agricultural,1
Every,1
unique,1
special,1
visit,1
year,1
courthouse,1
Paragliding,1
hand,1
gliding,1
Family,1
friendly,1
Cool,1
breweries,1
wineries,1
destination,1
tiver,1
exit,1
sings,1
Main,1
Vape,1
conversion,1
ShenGo,1
transit,1
Along,1
bathrooms,1
Recomment,1
Vienna,1
ginglegym,1
needs,1
pedestrian,1
Ex,1
Pinellius,1
btw,1
visitor,1
Str,1
Hospital,1
SMH,1
request,1
tower,1
desired,1
residents,1
Balinger,1
Bdy,1
Supply,1
